,table_schema,table_name
172,public,accounts_coinactivityuser_groups
173,public,accounts_coinactivityuser_user_permissions
174,public,auth_group
175,public,auth_group_permissions
176,public,auth_permission
177,public,behaviour_request
178,public,conversation_seeding_conversationmessage
179,public,conversation_seeding_conversationseeding
180,public,dashboard_channelsgroup
181,public,dashboard_currency
182,public,dashboard_stopwords
183,public,dashboard_templatetag
184,public,message_service_channel <<<
185,public,message_service_globalblacklist
186,public,message_service_keyword
187,public,message_service_message
188,public,message_service_message_y2018d311
189,public,message_service_message_y2018d312
190,public,message_service_message_y2018d313
191,public,message_service_message_y2018d314
192,public,message_service_message_y2018d315
193,public,message_service_message_y2018d316
194,public,message_service_message_y2018d317
195,public,message_service_message_y2018d318
196,public,message_service_message_y2018d319
197,public,message_service_message_y2018d320
198,public,message_service_message_y2018d321
199,public,message_service_message_y2018d322
200,public,message_service_message_y2018d323
201,public,message_service_message_y2018d324
202,public,message_service_message_y2018d325
203,public,message_service_message_y2018d326
204,public,message_service_message_y2018d327
205,public,message_service_message_y2018d328
206,public,message_service_message_y2018d329
207,public,message_service_message_y2018d330
208,public,message_service_message_y2018d331
209,public,message_service_message_y2018d332
210,public,message_service_message_y2018d333
211,public,message_service_message_y2018d334
212,public,message_service_message_y2018d335
213,public,message_service_message_y2018d336
214,public,message_service_message_y2018d337
215,public,message_service_message_y2018d338
216,public,message_service_message_y2018d339
217,public,message_service_message_y2018d340
218,public,message_service_message_y2018d341
219,public,message_service_message_y2018d342
220,public,message_service_message_y2018d343
221,public,message_service_message_y2018d344
222,public,message_service_message_y2018d345
223,public,message_service_message_y2018d346
224,public,message_service_message_y2018d347
225,public,message_service_message_y2018d348
226,public,message_service_message_y2018d349
227,public,message_service_message_y2018d350
228,public,message_service_message_y2018d351
229,public,message_service_message_y2018d352
230,public,message_service_message_y2018d353
231,public,message_service_message_y2018d354
232,public,message_service_message_y2018d355
233,public,message_service_message_y2018d356
234,public,message_service_message_y2018d357
235,public,message_service_message_y2018d358
236,public,message_service_message_y2018d359
237,public,message_service_message_y2018d360
238,public,message_service_message_y2018d361
239,public,message_service_message_y2018d362
240,public,message_service_message_y2018d363
241,public,message_service_message_y2018d364
242,public,message_service_message_y2018d365
243,public,message_service_message_y2019d001
244,public,message_service_message_y2019d002
245,public,message_service_message_y2019d003
246,public,message_service_message_y2019d004
247,public,message_service_message_y2019d005
248,public,message_service_message_y2019d006
249,public,message_service_message_y2019d007
250,public,message_service_message_y2019d008
251,public,message_service_message_y2019d009
252,public,message_service_message_y2019d010
253,public,message_service_message_y2019d011
254,public,message_service_message_y2019d012
255,public,message_service_message_y2019d013
256,public,message_service_message_y2019d014
257,public,message_service_message_y2019d015
258,public,message_service_message_y2019d016
259,public,message_service_message_y2019d017
260,public,message_service_message_y2019d018
261,public,message_service_message_y2019d019
262,public,message_service_message_y2019d020
263,public,message_service_message_y2019d021
264,public,message_service_message_y2019d022
265,public,message_service_message_y2019d023
266,public,message_service_message_y2019d024
267,public,message_service_message_y2019d025
268,public,message_service_message_y2019d026
269,public,message_service_message_y2019d027
270,public,message_service_message_y2019d028
271,public,message_service_message_y2019d029
272,public,message_service_message_y2019d030
273,public,message_service_message_y2019d031
274,public,message_service_message_y2019d032
275,public,message_service_message_y2019d033
276,public,message_service_message_y2019d034
277,public,message_service_message_y2019d035
278,public,message_service_message_y2019d036
279,public,message_service_message_y2019d037
280,public,message_service_message_y2019d038
281,public,message_service_message_y2019d039
282,public,message_service_message_y2019d040
283,public,message_service_message_y2019d041
284,public,message_service_message_y2019d042
285,public,message_service_message_y2019d043
286,public,message_service_message_y2019d044
287,public,message_service_message_y2019d045
288,public,message_service_message_y2019d046
289,public,message_service_message_y2019d047
290,public,message_service_message_y2019d048
291,public,message_service_message_y2019d049
292,public,message_service_message_y2019d050
293,public,message_service_message_y2019d051
294,public,message_service_message_y2019d052
295,public,message_service_message_y2019d053
296,public,message_service_message_y2019d054
297,public,message_service_message_y2019d055
298,public,message_service_message_y2019d056
299,public,message_service_message_y2019d057
300,public,message_service_message_y2019d058
301,public,message_service_message_y2019d059
302,public,message_service_message_y2019d060
303,public,message_service_message_y2019d061
304,public,message_service_message_y2019d062
305,public,message_service_message_y2019d063
306,public,message_service_message_y2019d064
307,public,message_service_message_y2019d065
308,public,message_service_message_y2019d066
309,public,message_service_message_y2019d067
310,public,message_service_message_y2019d068
311,public,message_service_message_y2019d069
312,public,message_service_message_y2019d070
313,public,message_service_message_y2019d071
314,public,message_service_message_y2019d072
315,public,message_service_message_y2019d073
316,public,message_service_message_y2019d074
317,public,message_service_message_y2019d075
318,public,message_service_message_y2019d080
319,public,message_service_message_y2019d081
320,public,message_service_message_y2019d082
321,public,message_service_message_y2019d083
322,public,message_service_message_y2019d084
323,public,message_service_message_y2019d085
324,public,message_service_message_y2019d086
325,public,message_service_message_y2019d087
326,public,message_service_message_y2019d088
327,public,message_service_message_y2019d089
328,public,message_service_message_y2019d090
329,public,message_service_message_y2019d091
330,public,message_service_message_y2019d092
331,public,message_service_message_y2019d093
332,public,message_service_message_y2019d094
333,public,message_service_message_y2019d095
334,public,message_service_message_y2019d096
335,public,message_service_message_y2019d097
336,public,message_service_message_y2019d098
337,public,message_service_message_y2019d099
338,public,message_service_message_y2019d100
339,public,message_service_message_y2019d101
340,public,message_service_message_y2019d102
341,public,message_service_message_y2019d103
342,public,message_service_message_y2019d104
343,public,message_service_message_y2019d105
344,public,message_service_message_y2019d106
345,public,message_service_message_y2019d107
346,public,message_service_message_y2019d108
347,public,message_service_message_y2019d109
348,public,message_service_message_y2019d110
349,public,message_service_message_y2019d111
350,public,message_service_message_y2019d112
351,public,message_service_message_y2019d113
352,public,message_service_message_y2019d114
353,public,message_service_message_y2019d115
354,public,message_service_message_y2019d116
355,public,message_service_message_y2019d117
356,public,message_service_message_y2019d118
357,public,message_service_message_y2019d119
358,public,message_service_message_y2019d120
359,public,message_service_message_y2019d121
360,public,message_service_message_y2019d122
361,public,message_service_message_y2019d123
362,public,message_service_message_y2019d124
363,public,message_service_message_y2019d125
364,public,message_service_message_y2019d126
365,public,message_service_message_y2019d127
366,public,message_service_message_y2019d128
367,public,message_service_message_y2019d129
368,public,message_service_message_y2019d130
369,public,message_service_message_y2019d131
370,public,message_service_message_y2019d132
371,public,message_service_message_y2019d133
372,public,message_service_message_y2019d134
373,public,message_service_message_y2019d135
374,public,message_service_message_y2019d136
375,public,message_service_message_y2019d137
376,public,message_service_message_y2019d138
377,public,message_service_message_y2019d139
378,public,message_service_message_y2019d140
379,public,message_service_message_y2019d141
380,public,message_service_message_y2019d142
381,public,message_service_message_y2019d143
382,public,message_service_message_y2019d144
383,public,message_service_message_y2019d145
384,public,message_service_message_y2019d146
385,public,message_service_message_y2019d147
386,public,message_service_message_y2019d148
387,public,message_service_message_y2019d149
388,public,message_service_message_y2019d150
389,public,message_service_message_y2019d151
390,public,message_service_message_y2019d152
391,public,message_service_message_y2019d153
392,public,message_service_message_y2019d154
393,public,message_service_message_y2019d155
394,public,message_service_message_y2019d156
395,public,message_service_message_y2019d157
396,public,message_service_message_y2019d158
397,public,message_service_message_y2019d159
398,public,message_service_message_y2019d160
399,public,message_service_message_y2019d161
400,public,message_service_message_y2019d162
401,public,message_service_message_y2019d163
402,public,message_service_message_y2019d164
403,public,message_service_message_y2019d165
404,public,message_service_message_y2019d166
405,public,message_service_message_y2019d167
406,public,message_service_message_y2019d168
407,public,message_service_message_y2019d169
408,public,message_service_message_y2019d170
409,public,message_service_message_y2019d171
410,public,message_service_message_y2019d172
411,public,message_service_message_y2019d173
412,public,message_service_message_y2019d174
413,public,message_service_message_y2019d175
414,public,message_service_message_y2019d176
415,public,message_service_message_y2019d177
416,public,message_service_message_y2019d178
417,public,message_service_message_y2019d179
418,public,message_service_statistics
419,public,message_service_userreply
420,public,public_api_obfuscatedkeywords
