id,channel_id,channel_title,channel_username
2,1182095850,Banca Official,Banca_Official
4,1084849956,Ripple XRP,Ripple
5,1190369843,Dropil,DropilCoin
6,1131330253,AphelionToken,apheliontoken
8,1101032037,Storiqa Community EN [1],storiqa_en
10,1145640225,Bytecoin BCN,bytecoinchat
49,1123726212,Moeda Only Official English Channel,moedaproject
13,1133568176,Sentinel Chain,sentinelchain
14,1131111133,TokenPay,TokenPay
15,1123984838,Pundi X Official | English,pundix
17,1138366019,Bee Token,beetoken
18,1262525476,GINcoin,gincoin
20,1127803396,Waltonchain Chat,waltonchain_en
21,1327144373,XMax,XMXblock_org
22,1141204286,SCRY.INFOÔºàDDDÔºâ official community ‰∏≠Êñá,scryinfo1
17468,1083567201,TokenCard,TokenCard
24,1135681282,Cappasity (CAPP),cappasity3d
25,1128794996,Verge Currency,VERGExvg
17473,1080456156,Pepecash,pepecash
28,1214322172,RED Restart Energy Democracy,RestartEnergy
29,1129928333,Propy | Official Channel,propy
30,1108850730,Paragon Official Chat,
31,1103967290,BLOCKv Community,block_v
60,1104049742,Electroneum,officialelectroneum
34,1207518611,ODYSSEY (OCN) Official Community,OdysseyOfficial
35,1147786229,Oyster Protocol,oysterprotocol
36,1145777734,Blackmoon community,blackmooncrypto
37,1121500097,Crowd Machine,crowdmachine
38,1127480027,Nexo.io Community,nexofinance
39,1127149590,trade.io English Community Group,TradeToken
41,1148153521,Electrify.Asia (Official),electrifyasia
42,1273848543,Zebi,ZebiData
43,1390784967,Holo,channelholo
44,1105165322,Horizen (formerly ZenCash),zencash
45,1206304049,Sharder Talk,sharder_talk
17474,1050137750,Counterparty XCP,Counterparty
47,1165493087,AllSportsChain SOC,allsportschain
48,1147557899,Red Pulse Phoenix,redpulse
50,1120760194,ETHLend Community,ETHLend
52,1135206794,Crypviser Official Group,crypviser
53,1122637550,Flixxo,flixxo
55,1300283891,Nebula AI Community,NebulaAICommunity
56,1243668451,Nexty.io - Community,nexty_io
57,1233609710,NKN,nknorg
16,1359380055,DigitexFutures ‚Äî Zero-Fee Futures Trading,digitexfutureschat
59,1142303473,AdEx Network,adexnetwork
61,1054828595,Genesis Vision,genesisvision
65,1117047494,Eximchain,eximchain
66,1142278369,MATRIX AI Network,matrixainetwork
68,1365650703,DECENT.bet Official (English),OfficialDecentBet
69,1357307897,CallistoNetwork,CallistoNet
71,1148250611,UTRUST,utrustofficial
74,1139977474,EXRNchain Community,
75,1250401087,Mithril Community,MithrilChat
76,1321225783,THEKEY OFFICIAL,THEKEYOFFICIAL
77,1234108910,Adbank,adbanknetwork
78,1125519095,Groestlcoin (GRS),groestl
80,1138346218,Cindicator_chat,cindicator_chat
81,1112237776,ENVION,Envion
82,1086677449,"Litecoin Cash (LCC, EN) | OFFICIAL",litecoincashofficial
83,1137447440,Myriadcoin Official,Myriadcoinofficial
84,1147200957,Experty.io,experty_io
85,1300048188,VouchForMe Official Group,InsurePal
86,1258647969,Mobius,mobius_network
87,1145230862,SureRemit Circle,sureremit
88,1213555692,TaTaTu Community,tatatuofficial
89,1120871764,StrongHands (SHND),StrongHands
90,1112996492,Nimiq,Nimiq
92,1081140270,Radium Official,RadiumOfficial
93,1216313441,JET8 Global Community,Jet8_ecosystem
94,1123728298,Gifto Official,giftoOfficial
95,1135308951,ChronoBank,chronobank
17479,1111034873,WeTrustPlatform,WeTrustPlatform
17480,1202817642,EZToken,eztokensupport
17482,1109876666,Monacoin „É¢„Éä„Ç≥„Ç§„É≥,monacoin
17467,1147787716,Airhawk-project,steemitdotcom
72,1149524898,HMQ Trader,HMQtrader
1,1134260225,[CLOSED] Quantstamp,
17497,1109129574,Network Token,networktoken
7,1132285390,üá¨üáßUniversa Official Group,Uplatform
67,1141226123,Enjin,enjin_coin
51,1213083278,The Ivy Project - Official Channel of ivy and ivyKoin,
54,1114207110,CloakCoin Official,cloakproject
73,1103914747,IXT Community,
91,1102875202,XinFin Hybrid Blockchain | XDC:XDCE,xinfintalk
63,1125015228,Solaris (XLR),solariscoin
27,1203112538,Dimecoin¬Æ Network Community (Official),Dimecoinofficialpublic
64,1175224299,APEX Network,APEXcommunity
62,1114303524,NULS Community,Nulsio
517,1215931195,Official PiedPiperCoin Chat,Officialppi
11,1145335403,Vanbex Labs (FUEL),etherparty
9,1145940553,ICON Project,hello_iconworld
96,1134993373,Agrello,agrello
98,1140090881,SingularityNET Community,singularitynet
100,1204103475,ODEMIO,odem_io
102,1086861859,Official Power Ledger Telegram,powerledger
104,1057797609,PotCoin,potcoin420
107,1066026222,Cryptaur Official Chat ENGLISH,cryptaur
109,1139256272,STOX,stx_coin
111,1072929878,Blackcoin,blackcoin
114,1241678959,PURA OFFICIAL (ENGLISH),puraofficial
116,1305649445,QuarkChain Community,quarkchainio
118,1141610629,Ambrosus Chat,ambrosuschat
120,1128128349,NaPoleonX,napoleonx_ICO
123,1135879895,BitClave,BitClaveCommunity
125,1118722732,Playkey.io,playkey_io
127,1259281643,Endor Protocol Group,EndorcoinGroup
129,1216989368,Bitcoin Interest,bitcoininterest
133,1180375603,Deviant Coin Community,DeviantDEV
135,1194782891,U Network Official,UNetwork
137,1244539662,SRCOIN - Official (EN),SRCOIN_EN
139,1147203306,Smartlands.io,smartlandschat
141,1140803715,MediBloc Official,medibloc
11652,1050982793,Python,Python
40,1319602467,Bezop / Bezex Blockchain,bezop
33,1265649208,Bricks4Us Marketplace - Chat,Bricks4UsChat
3,1360770775,Satowallet Trading Group,SatowalletExchange
143,1091265556,Augmentors Official Supporters Channel,augmentorsgame
145,1123453174,HACKEN Official Group,hacken_en
147,1323471545,Emercoin Community,emercoin_official
783,1198011254,XPA Official Group,
656,1346783598,CyberVein Community,CyberVeinCommunity
11619,1120853347,Korean Jew Crypto Trading,koreanjewtrading
17469,1274092926,BLAKFX - The Ultra Secure Encryption Platform,blakcoinfx
528,1126804553,ONEROOT English Chat,OneRootProject_EN
17472,1140438246,GlobalToken,GlobalToken
17475,1061871813,Hyperledger,HyperLedger
17481,1375685009,IGToken Official Group,IGNITEOfficial
17483,1272760252,The Fabric Token Ecosystem,fabric_token
17487,1051872717,KUSHcoin,kushcoin
17489,1294193115,KNW token - Official Telegram Chat for Knowledge.io - Copyright 2018,Knowledgeio
17471,1280780419,Very Real Humans,
4294,1106196909,Stellar Lumens XLM/STR,StellarLumens
4296,1095827689,Siacoin SC,SiaCoin
4298,1083845980,Skycoin - Building the new Internet,Skycoin
4439,1105322596,Peerplays,Peerplays
4317,1026991010,NANO Official (English chat),raiblocks
1392,1139429756,SOARCOIN Community,soarlabs
1368,1140388672,Ionomy,ionomy
4332,1083214972,Monero XMR,monero
992,1344043715,Patron [ENGLISH],patronicoen
557,1195708916,EkoLink „ÄêEKO„Äë Official (Eng),EcholinkOfficial
4334,1084269819,IOTA Tech,iotatangle
121,1090020230,Cashaa_Unofficial,CashaaLtd
4469,1097743663,Golem Network | GNT,GolemProject
131,1127555624,ELIX,getELIX
4472,1096523423,ZCash ZEC,ZCashco
4359,1049696652,Dogecoin,TheDogeHouse
909,1249931279,Stakenet (XSN) English,
97,1098956688,Mysterium Network,mysterium_network
99,1092583924,VeChain Official (Eng),vechain_official_english
101,1158735479,PCHAIN1Ô∏è‚É£,pchain_org
103,1243388272,Elastos Community,elastosgroup
108,1145917927,SIRIN LABS (OFFICIAL),sirinlabs
110,1122798191,LockTrip (LOC Token) - Official Group,LockTrip
112,1142914614,Viberate,ViberateOfficial
113,1113647779,Adhive.tv,adhivetv
115,1377512546,INSCHAIN OFFICIAL,inschain_official
117,1128541878,CyberMiles,cybermilestoken
119,1129149026,Pareto Network - Discussion,paretonetworkdiscussion
122,1143790601,Eroscoin Platform,eroscoinplatform
124,1309359574,Linkeye EN,linkeye_en
126,1316238778,carVertical,carVerticalio
130,1133367345,BANKEX.com,bankex
132,1273743642,Phore Blockchain,PhoreProject
134,1136969704,Snovian.Space,snovio_ico
136,1207168310,GoChain,go_chain
138,1145087380,Official Bluzelle Telegram,bluzelle
140,1295222663,Nucleus Vision Official,NucleusVision
142,1178639318,Alphacat Global Community,alphacatglobal
146,1292268963,Dock,dockio
148,1137770021,SWFTCoin (Official),swfcoin
149,1234560679,CPChain,CPChain
150,1125955614,Sibcoin community,sibcoin_en
153,1135416926,CEEK VR (Official),ceekvrtokensale
154,1103012181,Neblio Blockchain - Official Channel,neblio_official
155,1137512283,Substratum Network Community,SubstratumCommunity
156,1390115038,Particl Project [PART],particlproject
157,1081817702,Telcoin Community,telcoincommunity
158,1133529557,Po.et,poetofficial
159,1142634987,EOS,EOSproject
160,1088674757,ZrCoin English,ZrCoin_ICO
161,1372829244,LoyalCoin Official,LoyalCoin
17470,1141092078,Tokenbox,Tokenbox
163,1070656034,Opus,opusfoundation
164,1232812654,Ontology (English),OntologyNetwork
17476,1288752822,Element Zero Network,ElementZeroNetwork
166,1246154832,FunFair Official,FunFair_Official
167,1085615151,Minexcoin | MinexPay,minexcoin
17478,1135494700,Tenx Token (fan)Club,Tenxtokenclub
17484,1118271508,StorjProject (STORJ),storjproject
171,1122422145,indaHash_chat,indahash_chat
173,1386318369,eosDAC #vote_eosdacserver,eosdacio
174,1084419847,Stratis Platform,StratisPlatform
207,1250495481,ALAX Global,ALAX_io
177,1351181456,Zeepin Official (English),zeepin
178,1252572973,Brahma OS Official Group,BrahmaOS
179,1141854285,MARK.SPACE OFFICIAL GROUP,markspaceio
180,1379057614,Sentinel Protocol,sentinelprotocol
181,1113081176,SilentNotary,silentnotary
182,1356194421,Switcheo Network [Official],switcheo
183,1079644525,ShipChain,ShipChain
184,1381542696,Crown Platform,crownplatform
185,1162550244,Blockport Community,blockport
188,1223518713,WAX.io,wax_io
189,1090908802,FLO,FLOblockchain
190,1117181864,HTMLCOIN OFFICIAL,officialhtmlcoin
191,1136638396,Eidoo Official Worldwide Chat,eidoocryptoworld
192,1238145454,DAOstack Community,daostackcommunity
193,1185655458,Simmitri Token,SimmitriToken
195,1172231352,aXpire Official,AxpireOfficial
196,1245690154,Constellation Community,constellationcommunity
197,1161908671,Faceter Chat,faceter
198,1155754840,TrustToken,
17488,1109173834,TOKENATOR - #1 ICO Pool,tokenator
11651,1334540050,Howdoo,howdooHQ
144,1165918483,0Chain,Ochain
203,1336884964,MITx MorpheusLabs Infrastructure Token,morpheuslabs
204,1107079041,PAL Network,PolicyPalNetwork
205,1333366903,NPER English,Npereng
206,1120786361,BitDegree Chat,bitdegree
208,1123340592,Bounty0x,bounty0x
210,1140298481,LoMoStar & LMC,lomocoin
186,1116931088,Nebulas [moved to t.me/nebulasen],nebulasio
212,1140273923,Matryx Community,matryxai
213,1120988187,BitcoinZ,bitcoinzcommunity
17492,1270166983,HyperLinq Crypto Traders,hyperlinq_users
215,1132904316,ZILLA app,zilla_app
216,1200987591,DCC Official English,DccOfficial
128,1231492457,The Crypto revolution,TheCryptoRev
176,1112093013,Liquid by Quoine,QUOINE
209,1231079394,$HBZcoin,helbiz
11656,1188156932,HYCON Chat,teamhycon
194,1072133163,POA and xDai - the civil discourse,oraclesnetwork
106,1147200966,XBY Not Official Group (managing by bikerleszno),xby_not_official
151,1207708808,Jibrel,jibrel_network
187,1071691578,BitShares,BitSharesDEX
105,1121575178,BitBay ($BAY) - Decentralised Market with Unbreakable Smart Contracts,bitbayofficial
170,1265284164,XYO Geohackers,xyonetwork
199,1144225319,Loom Network,loomnetwork
152,1136398401,Monetha Group,monethagroup
217,1123787657,Dentacoin Foundation,dentacoin
17477,1022254388,Blockchain Interest Group,bigorg
11626,1289182030,DOBI Exchange,
11627,1135225822,(ENG) OFFTOPIC CHAT,RawTuna
11628,1284857050,ERi,keyouspk
11629,1306475377,Freyrchain_Official,Freyrchain_Official
17493,1142389207,BitToken,BitToken
540,1142880023,DomRaider,DomRaider_Chat
11641,1227706033,ICO-TOP English,ICOTOP_English
4273,1050637540,Bitcoin Chat,BitcoinChat
11654,1379635369,Dragon Official (Eng),DragonOfficialENG
1200,1168659271,AIDOC Official Group for EN,AidocMeEn
4276,1122948260,WanchainCHAT,WanchainCHAT
11658,1135827971,Electracoin,Electracoin
585,1123067114,Change,ChangeBank
4297,1110602826,TaaS: Token-as-a-Service,taasfund
4591,1123615381,Tezos Project | Trading Discussion,tezosico
4216,1160477738,Synthetix - This Channel is Closed (Moved to Discord),havven_official1
4229,1130723474,Aussie Crypto Speculators,aussiecrypto
17485,1127478087,Cosmos Network ($ATOM),cosmosproject
4268,1112416724,WavesPlatform,Wavescommunity
4218,1141724623,GXChain International English Channel,GXChain_international
4207,1140813346,Blockbid,Blockbid
4208,1364422628,IOST Official International Group,officialios
4210,1126869057,Aion Network,aion_blockchain
4213,1130683834,√¶lf (ELF) Community,aelfblockchain
4214,1265066587,Alto.io Official Channel,Alto_io
4219,1256133871,BountyCloud Support Community,bountycloud
4220,1146376010,Digital Pandacoin,DigitalPandacoin
4221,1115590112,Latium,
4222,1257576361,BBN Global Fans,BBNGlobalFans
4223,1126552295,RevolutionVR Official,revolutionvr
4224,1321535335,[CN] HMS Global,hmsglobal
4226,1101043111,Ëè©Êèê Bodhi,bodhifoundation
4227,1340007641,ORCA 2.0,ORCAalliance
4228,1267764872,Wolf Crypto,WolfCryptoPub
218,1375742077,Sprouts Official,sproutsofficial
219,1059287525,Litecoin LTC,Litecoin
220,1145746157,Debitum Network,debitum
262,1066980463,Obyte - telegram.me/obyteorg,obyteorg
223,1249825502,DADI,dadichat
248,1257086670,Energo International Community,
225,1096800081,Viacoin,viacoin
226,1127465880,Medicalchain Community,Medicalchain
228,1376386463,PolySwarm,polyswarm
229,1143839368,PikcioChain,PikcioChain
230,1395922737,HPB Global,hpbglobal
232,1339795511,RED Official Group,redofficial
233,1121763647,True Flip - Official chat,trueflip_official
234,1395115675,Unibright Official Community,unibright_io
236,1070597429,Omni Layer,OmniLayer
237,1128620950,Effect.AI,effectai
238,1100278475,Measurable Data Token (MDT),measurabledata
239,1185959185,CargoX.io - Official chat group,
240,1146337332,BitRent.uk - Platform(ENG),bitrentio
241,1186393043,Rate3 (RTE) Official Community,OfficialRate3
242,1137238933,Zap.org,ZapOracles
243,1083337093,Expanse Group,ExpanseTech
244,1313684441,CCC_Official,CCC_official
247,1340797374,HeroNode Official Group 2,HeroNode2
249,1284512150,AidCoin Community,aidcoincommunity
250,1107418259,CoinPoker,officialcoinpoker
253,1248278645,SmartshareÂÆòÊñπ‰∏≠ÊñáÁæ§,SmartshareOfficial
254,1206956864,Qbao Community En,QbaofoundationEn
255,1125870249,Bloom,bloomprotocol
256,1132620706,Crypterium Chat (EN),crypterium
258,1233407500,TomoChain ($TOMO) Chat,tomochain
259,1121409566,Enigma Project Official,EnigmaProject
263,1136646232,SwissBorg,SwissBorgChat
264,1085336164,Gridcoin,gridcoin
265,1317248630,Kyber Network,kybernetwork
266,1071525713,Rebellious,RebelliousCoin
267,1311135887,ArcBlock,ArcBlock
268,1202532501,BABB Community,babb_official
269,1287571575,IoT Chain (ITC) Official,IoTChain
270,1255093908,DeepBrain Chain,deepbrainchain
271,1128030130,Olympus Labs,olympuslabs
273,1104218701,Omise GO (Unofficial),OmiseGo
275,1141922646,Bulwark,bulwarkcrypto
276,1111140646,MobileGo Community Channel,mobilego
4209,1123270218,Zilliqa Official (No airdrops),zilliqachat
278,1147919846,Achain,AchainOfficial
4211,1226756572,Ravencoin,RavencoinDev
4212,1140957523,OriginTrail,OriginTrail
281,1353832271,Bitcoin Diamond,BCDcommunity
282,1120054290,Burstcoin,burstcoin
283,1130325050,COBINHOOD,cobinhood
284,1136827067,Datawallet,datawallet
4215,1161052437,Polymath Network,polymathnetwork
286,1343887393,Bitcoin Gold Global - English,BitcoinGoldHQ
257,1089491971,Peercoin√óDiscord,peercoin
288,1095150478,Nxt Community,NxtCommunity
289,1135297120,New Channel in Pin,Divi_Project
290,1141196845,QLC Chain,qlinkmobile
292,1336274918,NoLimitCoin,NoLimitCoinNLC2
294,1081239717,√¶ternity,aeternity
296,1078976517,Pascal Coin - Invite friends: https://telegram.me/pascalcoin,pascalcoin
297,1345654871,FuzeX,FuzeX
298,1121545527,STORM Token,officialstormtoken
299,1114687751,Dragonchain Discussion,dragontalk
300,1141584931,DeepOnion ENG Official,DeepOnionCoin
235,1146322693,Friendz App Crypto Community,friendzICO
302,1146170349,Binance English,binanceexchange
4217,1109014327,Bytom official international,BytomInternational
172,1136589945,DENT - OFFICIAL,dentcoin
305,1148795151,Bad Crypto Podcast,thebadcryptopodcast
306,1276384949,Official Hydro HOT Community,hydroprotocol
307,1139159476,The Coin Farm,thecoinfarm
303,1011762907,The Coin Farm Original,coinfarm
310,1075301058,Kin Coin,kincurrency
311,1143793850,SophiaTX,sophia_TX_com
312,1238000755,No BS Crypto,
313,1140004269,Strape,Strape
260,1103065392,Bitcore_BTX,bitcore_btx_community
17490,1104926216,Crea Community,creativechain
245,1312536036,Merculet,AutisticDogHack
251,1126836925,Leverj,leverj
17494,1318493176,Very Real Humans 2,veryrealhumans2
291,1324454372,Carnomic English Official,carnomicofficial
293,1137980769,The NAGA Coin (we've moved),official_nagacoin
252,1077372612,GOLOS Classic,golos_id
261,1184386836,Lympo Community - o'Lympians,lympo
221,1133772999,Remme,remme
272,1129207387,DIM Ecosystem,dimecosystem
314,1012147388,Whalepool,whalepoolbtc
227,1287365947,"Lamden - Up next, Mainnet!",lamdenchat
309,1136071660,ColossusXT [COLX] | EN | Official,colossuscoin
246,1133619462,Hatchworks - Spectre.ai/Betverse/GG Play- Community Channel,
231,1126284321,EnergiToken (Expired - Please move to new group),energitoken
315,1372357094,IoTeX Official Group,IoTeXGroup
316,1118171014,Presearch Community,presearch
319,1094597517,GBX Community,GBXCommunity
321,1131003217,district0x,district0x
323,1259365556,EMC2 official,emc2_official
4230,1058884178,Zcoin (XZC),zcoinproject
329,1078764014,Mothership,mothershipcx
331,1100923944,STK token,stktoken
337,1065650792,Musicoin,musicoinofficial
338,1146275854,IHT Coin Public Group,IHTcoin
339,1112137875,Loki Community,LokiCommunity
11633,1123102879,Consensus,consensus_ai
343,1253833487,BRD Community Channel,breadchat
11636,1030379032,>>> telegram.Bot(),pythontelegrambotgroup
349,1175785245,B2BX_ENG,b2bx_eng
351,1264277241,INTChain Official,INTChainOfficial
1191,1215637844,Old channel - please join @cappasity3d,artoken
354,1178269978,Trinity Network Credit (TNC),TrinityStateChannels
11655,1292004585,GLUON | GLU token - Gluon.com,gluonofficial
17495,1346456430,Rentberry Bounty,
365,1294884264,TokenClub,token_club
11679,1304701107,Airdrop Center,CentralChanel
17496,1093377362,OLD-Darcrus [DAR] and Mercury [MER],darcrus
395,1219322683,Fortuna | FOTA,FortunaGlobal
4394,1141993548,Kekcoin Official,KekcoinOfficial
58,1198662731,COSS - General Discussions,myCOSS
391,1138780821,OAX,openanxteam
394,1115730173,Aeron,aeronaero
396,1082561238,Bancor Protocol,bancor
399,1257279149,Official DATA Group 1 (DTA),blockchainDATA
405,1144415287,U.CASH | https://u.cash,ucash
410,1113188630,ATN Community (CN),ATN_Blockchain
412,1122780468,SunContract,suncontract
414,1338305957,Xaurum,XaurumAddingValue
415,1243879680,SALT Lending Discussion,SALTLendingDiscussion
416,1243611558,Origin Sport Official,OriginSport_EN
418,1334938533,MTL | Metal - Metal Pay,MetalPayCommunity
420,1052238089,Monero Enthusiasts,bitmonero
426,1296847126,RealChainÂÆòÊñπ‰∏≠ÊñáÁ§æÂå∫,realchain
334,1031353082,DigiByte Official Discussion ‚úÖ,DigiByteCoin
202,1145056259,GRAFT Blockchain,
336,1100408052,Internxt,WeAreInternxt
211,1120614822,ClearPoll,clearpoll_group
4534,1092692013,Melon Protocol,melonport
411,1374957292,BitGreen,bitgreenofficial
402,1129515292,Expand,ExpandOrg
408,1086618623,Insolar,insolar
222,1322034362,Hydro,projecthydro
224,1038858387,NEM::Official::(Red),nemred
175,1178413015,FUSION Official,FUSIONFoundation
12,1136384232,CREDITS Blockchain Platform,creditscom
422,1075716745,GET Protocol,getprotocol
3099,1225762972,LydianCoin Participant Group,LydianCoinParticipants
317,1351591427,Oyster Trading,oystertrading
318,1160870009,Mainframe Community (1/2),MainframeCommunity
320,1148444585,Karma Official EN,karmaprojecten
322,1365079287,BITTUBE | Official,ipbcenglish
324,1116713937,Bibox Discussion,biboxglobal
325,1183842028,SmartMesh Official,SmartMesh
326,1118893616,Refereum,refereumtalk
330,1366894556,CryptoBridge,CryptoBridge
333,1197678716,CashBet Coin,cashbetcoin
335,1070348139,SONM,sonm_eng
340,1097535919,BnkToTheFuture Community,bf_token
355,1227787617,modum.io AG - Discussion - Official,modumdiscussion
347,1121037307,DMarket Team,dmarket_en
348,1271633668,Boolberry - BBR,boolberry_bbr
350,1149169082,Game.com,gameico
358,1147924489,LATOKEN,latoken
11640,1266809870,Agora Blockchain Community,agorablockchain
404,1279501785,jeffÂë®Âá∫Êù•ËØ¥ËØù,vtokent
11657,1183011281,MDL Talent Hub (EN),MDL_Talent_Hub
375,1271264625,Bitcoin Atom,bitcoinatom
378,1233369657,CULTU.RE COMMONS,cultureisfuture
357,1140022059,Ren,renproject
389,1072444713,Matchpool,matchpool
397,1267622534,TE-FOOD,tefood
398,1068981603,Official Datum Network (EN),datumnetwork
400,1119788476,APX Ventures,apxventures
401,1329967761,Feathercoin Official,FeathercoinOfficial
409,1168067826,ProChain Global Official,ProChainTech
413,1140094437,Santiment,santiment_network
417,1227582400,MedicCoinCommunityWorld,mediccoins
419,1300422503,CortexLabs1Ô∏è‚É£,CortexBlockchain
421,1110274176,NavCoin,navcoin
423,1159330007,RuffChain,RuffChain
424,1120913452,Genaro Network (GNX) | Global Community,GenaroNetworkOfficial
425,1086513289,RMC CLUB,RMC_ICO
403,1327967213,Shivom,projshivom
359,1155842783,Waykichain/WICC Official,wiccofficial
407,1118976050,RCN Chat Group (Official),RCNchat
406,1138398611,OST (archived channel),
447,1106446122,Syscoin Official,Syscoin_Official
449,1064629702,NameCoin NMC,NameCoin
455,1148099972,YOYOW,HelloYOYOW
456,1066431719,WINGS Chat,wingschat
295,1183183233,Cube Intelligence [Official],cubeintofficial
165,1134727588,Hiveterminal,hiveterminal
4318,1290986109,Crypto.com,CryptoComOfficial
487,1121771573,Aurora (IDEX),Auroradaochat
488,1145402061,Decentralized News Network (DNN),DNNMedia
11644,1221299423,Hub - Human Trust Protocol,hubtoken
11659,1082749796,AdvisoryNetwork,AdvisoryNetwork
11660,1072359623,NEO Blockchain,Neo_Blockchain
11661,1170855654,StockChain Official Group#Athena,stockchainSCC2
11662,1140532530,Komodo Chat,KomodoPlatform_Official
11663,1220200312,Thrive [Official],thriveico
512,1247335793,Proxeus,ProxeusEN
4225,1202141981,Opacity,OpacityStorage
32,1130167583,doc.com Token (MTC),docToken
14732,1111131828,PIVX Chat,pivxchat
11948,1358987443,Airdrop6,airdrop6channel
11643,1214189786,Helium,helium_network
11664,1076428128,ICOcountdown.com - http://telegram.me/icocountdown,icocountdown
478,1382971104,Robin8 PUT - Giving Control of the Profile Back to the User,Robin8_PUT
479,1122420492,SelfKey Identity Network,selfkeyfoundation
11681,1128804908,Crypterium News,crypterium_en
496,1136820882,Revain Official Chat (EN),revainofficial
492,1131904122,KICKICO - Official (eng),kickico
493,1356676678,DATx Official Community #01,datxofficial01
495,1199224892,Fidelium Community,fideliumtoken
497,1127183217,Neufund,neufund
12133,1175713006,Crypto Airdrop,newairdropchannel
14731,1282445812,Darico Ecosystem,darico_ico
14754,1128974741,Altcoins OGs,Altcoins
13093,1128324479,DFINITY,dfinity
13094,1068480115,EthTrader,EthTrader
13095,1257089454,Bethereum,bethereum
13096,1386547282,Huobi.Global-Official,
13097,1260844498,Eastads Credits,eastadsCredits
13101,1266685637,Ethos,ethos_io
14733,1063150264,Ethereum Classic ETC,ethclassic
13589,1202787899,telecryptoTradingsFree,idjsiqhusdhfushqushdoo
13106,1267965340,Crypto Buzz Chat,CryptoBuzzChat
14744,1094984984,alunacrypto.com,AlunaCrypto
14746,1316631970,VendiCoins.com token sale,
14734,1108438265,Decred DCR,Decred
14769,1110583236,CryptoGrinders‚Ñ¢: Welcome to the Crypto Revolution,cryptogrinders
14774,1145056581,Global Awards Token (GAT),gatcoin
14776,1077055250,NitroToken (NOX),NitroToken_NOX
14788,1079860252,DECENT Official,decentch
14739,1122190383,Tierion,tierion
14748,1105780904,Civic Network Supporters,civicplatform
14768,1125733696,NEUROTOKEN (NTK),neurotokenNTK
14779,1377415681,NewYorkCoin(NYC),NewYorkCoinNYC
14762,1141134020,Zen Protocol,zenprotocol
13087,1138043480,Peculium (Official),ico_peculium
13088,1312785383,Bigbom - Global,bigbomicogroup
13089,1198619369,Sparkster,SparksterICO
13090,1384948074,Pointium Global,pointium
13091,1116241532,Gladius Network Chat,gladiusio
13092,1346777066,TNB_Official_EN,tnb_en
13103,1120694993,QTUM-English Channel,qtumofficial
14851,1111624790,EquiTrader Room,Equi_Trader
15512,1343902657,DML Community,DecentralizedML
17217,1171736512,CRYPTO EVOLUTION / AirDrop & Bounty,CryptoAirDrops_info
274,1146853886,Spectrecoin [xspec] - Privacy at Stake,spectrecoin
70,1136082480,I/O Coin Community,iocoin_official
4272,1096528726,Zclassic Official,ZClassicCoin
17491,1070234717,Ubiq - Official Telegram Channel,Ubiqsmart
287,1200377766,Theta Network (Admins will never message your first or ask for private info / keys / seed phrases!),thetanetwork
